name,age,last_login,watch_time,preferred_category,email
김수민,58,2025-04-19,18,애니메이션,ogsunjang@yuhanhoesa.kr
김재호,27,2025-04-11,157,애니메이션,hyeonui@gmail.com
김영자,49,2025-04-20,215,드라마,yeongsugweon@daum.net
김준혁,20,2025-04-12,29,다큐멘터리,seomijeong@live.com
이재현,43,2025-04-09,15,드라마,yeweongim@hanmail.net
민지혜,22,2025-04-11,12,애니메이션,oi@gimi.net
심재호,51,2025-04-20,17,예능,seonghyeoni@yu.org
류준서,57,2025-04-08,0,드라마,minjae95@hanmail.net
이하은,30,2025-04-01,161,다큐멘터리,yeonghwangim@naver.com
이은경,26,2025-04-25,9,예능,hyejingim@dreamwiz.com
김민석,33,2025-04-30,43,드라마,ycoe@coebaggim.kr
김정희,22,2025-04-16,198,다큐멘터리,sangho62@dreamwiz.com
오정웅,25,2025-04-06,2,예능,munjaeho@jusighoesa.com
황옥자,64,2025-04-07,8,영화,myeongsug15@gimgim.kr
김예지,50,2025-04-15,28,드라마,seojunbag@yu.kr
김영철,23,2025-04-04,5,다큐멘터리,junho57@gimgimi.kr
최경숙,64,2025-04-20,107,다큐멘터리,minjaegim@gimgim.net
박정웅,64,2025-04-10,8,애니메이션,eunseosong@hanmail.net
윤성현,57,2025-04-01,1,드라마,dmun@daum.net
서주원,45,2025-04-13,9,영화,seunghyeonbag@yuhanhoesa.kr
유시우,47,2025-04-16,22,드라마,yunminseo@ju.kr
문지후,49,2025-04-06,118,다큐멘터리,ygim@naman.com
성현준,28,2025-04-14,20,예능,seungmingim@gmail.com
정지아,26,2025-04-04,0,다큐멘터리,coemyeongja@ju.com
김명자,50,2025-04-03,19,영화,kgim@ju.kr
최숙자,52,2025-04-05,18,애니메이션,yeongsugi@naver.com
장성민,47,2025-04-23,1,다큐멘터리,gimsujin@daum.net
김상훈,40,2025-04-07,11,애니메이션,yangjuweon@hotmail.com
정성민,45,2025-04-29,235,영화,caeweon12@gimgim.kr
이상철,52,2025-04-22,27,영화,yeongjago@dreamwiz.com
백광수,38,2025-04-13,143,예능,donghyeon52@naver.com
박정식,27,2025-04-26,27,예능,gimjiyeong@ju.kr
이경희,19,2025-04-09,218,영화,baeyeonggil@hanmail.net
이윤서,32,2025-04-01,8,예능,caeweongim@hotmail.com
송춘자,40,2025-04-06,29,예능,ogsuni@songmunsong.com
한성훈,27,2025-04-09,247,애니메이션,dgim@ian.com
장승민,58,2025-04-12,7,애니메이션,juyejun@live.com
홍순옥,27,2025-04-30,7,다큐멘터리,yangyeongho@gimcoe.com
이은영,29,2025-04-14,92,영화,mbae@gimi.kr
박정희,27,2025-04-15,27,예능,jinu59@janggim.com
장순옥,65,2025-04-01,229,애니메이션,seunghyeonjang@live.com
배은정,64,2025-04-14,114,영화,acoe@naver.com
이영환,57,2025-04-05,3,드라마,rbag@hanmail.net
안현주,52,2025-04-12,21,다큐멘터리,iyeongmi@gimgwag.com
김서연,35,2025-04-14,21,영화,gimgyeongja@yuhanhoesa.net
이민재,58,2025-04-05,13,드라마,hwangyeongsu@gimgimhong.kr
박영진,49,2025-04-10,23,드라마,ugang@live.com
최하윤,38,2025-04-04,108,예능,pgim@naver.com
박은정,23,2025-04-06,11,드라마,sgim@hanmail.net
이영철,44,2025-04-07,133,다큐멘터리,yeongsighan@ju.com
이서영,31,2025-04-14,3,예능,lbae@gmail.com
권영미,63,2025-04-18,1,예능,jaeho66@yuhanhoesa.kr
이정남,20,2025-04-19,82,다큐멘터리,jeongjaheo@gmail.com
최정숙,58,2025-04-02,84,다큐멘터리,dgim@ju.com
이정훈,61,2025-04-04,28,예능,ogja64@daum.net
권광수,19,2025-04-12,208,영화,sunjahwang@gmail.com
하서연,44,2025-04-22,24,드라마,yeongilbag@jusighoesa.kr
신미영,32,2025-04-21,194,다큐멘터리,sangho04@iogim.net
김정자,47,2025-04-06,64,애니메이션,anseoyeon@gmail.com
이성호,37,2025-04-15,10,드라마,hongjeongsug@daum.net
이중수,56,2025-04-10,113,다큐멘터리,jinuseo@naver.com
허지영,43,2025-04-22,116,드라마,lryu@naver.com
김진우,65,2025-04-09,120,예능,dgim@live.com
박성진,35,2025-04-16,159,예능,jeonghungim@naver.com
한수민,31,2025-04-13,22,예능,byeongceolo@coegimbag.net
안동현,60,2025-04-02,207,예능,than@bagbag.kr
최순자,49,2025-04-15,214,예능,jeongnam31@hanmail.net
서진호,23,2025-04-08,7,영화,yeongsubag@najeon.com
김건우,50,2025-04-24,131,영화,donghyeon08@hangim.org
김경숙,54,2025-04-25,17,애니메이션,vbag@hotmail.com
김채원,34,2025-04-07,22,드라마,iminjae@jusighoesa.com
권예준,58,2025-04-12,64,드라마,cbag@gojin.com
김현주,26,2025-04-11,1,영화,sujini@jusighoesa.kr
최성민,41,2025-04-02,157,영화,yeweon71@yu.net
송서연,44,2025-04-10,246,드라마,sunjabaeg@ju.org
권영호,50,2025-04-09,115,영화,sgim@naver.com
노예진,53,2025-04-15,8,드라마,cgim@live.com
조경자,62,2025-04-10,16,영화,eomyeongsug@coegweon.com
윤지훈,33,2025-04-09,0,영화,fyun@yuhanhoesa.org
이영식,42,2025-04-13,101,다큐멘터리,bagjeongsu@nate.com
황준호,49,2025-04-11,73,영화,mi@gangbag.kr
김유진,58,2025-04-14,21,드라마,fyang@daum.net
강주원,29,2025-04-09,14,애니메이션,minji86@jusighoesa.com
김현숙,59,2025-04-02,169,애니메이션,jihu77@hanmail.net
김병철,22,2025-04-30,3,예능,ieunyeong@iani.com
이영환,30,2025-04-15,17,드라마,hyeonubag@nate.com
정예원,62,2025-04-29,67,영화,hyeonjugim@live.com
황광수,53,2025-04-10,13,영화,qi@hotmail.com
김영일,58,2025-04-27,61,드라마,yangjinho@dreamwiz.com
김준호,58,2025-04-08,1,예능,baghyeonjeong@gangi.com
고지혜,58,2025-04-09,24,예능,sujin78@gmail.com
김정순,58,2025-04-08,207,다큐멘터리,ogjai@daum.net
한미숙,40,2025-04-15,3,애니메이션,jieun05@yu.kr
안보람,47,2025-04-13,80,다큐멘터리,pgang@baeggimbag.com
장지후,58,2025-04-12,12,예능,yeongsug21@dreamwiz.com
민수진,50,2025-04-07,3,영화,hyeonjun43@live.com
김영미,60,2025-04-01,106,애니메이션,hyejin40@live.com
최정수,25,2025-04-01,23,영화,sjeon@yu.com
장정희,65,2025-04-15,3,예능,baesunja@angim.com
김수진,54,2025-04-22,3,예능,siuan@nate.com
백지은,51,2025-04-28,22,영화,sju@nate.com
박명자,37,2025-04-20,5,애니메이션,zju@gimi.com
박정숙,43,2025-04-13,45,애니메이션,xryu@daum.net
박은정,32,2025-04-23,16,영화,sunjayun@dreamwiz.com
이영순,59,2025-04-05,151,다큐멘터리,hajaeho@gimgimbag.kr
장정호,30,2025-04-08,1,예능,jiuyun@dreamwiz.com
심수빈,63,2025-04-07,25,예능,jinhoha@nate.com
임영철,26,2025-04-25,28,애니메이션,iseungmin@daum.net
류미경,51,2025-04-01,184,예능,gimjeongung@jusighoesa.org
최지원,36,2025-04-09,111,다큐멘터리,eungyeong90@gogim.com
안미영,57,2025-04-01,229,드라마,gyeongsuan@yu.com
서영진,45,2025-04-19,24,애니메이션,xbag@yuhanhoesa.org
윤수진,65,2025-04-17,7,영화,eomjeonghyi@imbagbaeg.com
이민서,63,2025-04-07,71,예능,sujin98@icoe.com
조동현,54,2025-04-02,43,예능,jinuson@ibagi.com
이상훈,45,2025-04-11,14,드라마,fgim@yuhanhoesa.kr
성영호,30,2025-04-07,21,드라마,qi@munoju.kr
김영일,25,2025-04-25,8,영화,ggim@hongi.org
김시우,35,2025-04-07,14,예능,doyun44@igim.com
이민서,48,2025-04-10,10,애니메이션,sinyeongsu@baggimi.com
최미경,61,2025-04-07,23,영화,seonghyeongang@yu.kr
권민석,38,2025-04-04,19,영화,iyeongsun@dreamwiz.com
이서윤,60,2025-04-13,19,드라마,gimhayun@yu.com
신민준,52,2025-04-14,8,애니메이션,myeongjajeon@nate.com
문광수,20,2025-04-06,1,드라마,uheo@coeoi.com
주민준,47,2025-04-08,25,예능,byeongceol13@live.com
박영숙,54,2025-04-08,26,드라마,yeongsu21@daum.net
김지영,46,2025-04-10,23,영화,yeongilgim@hanmail.net
김정훈,63,2025-04-25,47,드라마,haeungang@gweongweonbag.kr
민순옥,55,2025-04-15,157,영화,jinhobag@naver.com
최순자,20,2025-04-04,209,드라마,hyeonjun00@ryugim.org
김은서,64,2025-04-11,115,예능,ycoe@gmail.com
송재호,28,2025-04-05,6,예능,dbag@dreamwiz.com
배성현,33,2025-04-06,6,애니메이션,dohyeono@baggangi.com
황정수,64,2025-04-12,89,드라마,minsu18@ioyun.kr
이은경,32,2025-04-24,188,다큐멘터리,jeongnam62@yu.com
류지아,31,2025-04-13,220,영화,bbag@iha.com
박서윤,46,2025-04-11,2,다큐멘터리,minjunhong@ju.kr
김준영,21,2025-04-17,26,예능,xgim@yuhanhoesa.org
박옥자,60,2025-04-17,59,드라마,mbae@nate.com
최영희,39,2025-04-04,128,애니메이션,abag@hotmail.com
송미정,22,2025-04-01,7,영화,yunjiyeon@daum.net
박미정,19,2025-04-04,11,영화,yejunbaeg@yuhanhoesa.com
손현숙,25,2025-04-18,215,드라마,ijunseo@live.com
이경자,24,2025-04-05,25,다큐멘터리,eunyeong20@heobag.org
한영길,31,2025-04-25,25,다큐멘터리,gimyeongsu@yuhanhoesa.com
김상호,53,2025-04-12,2,영화,gimjieun@gmail.com
최정희,30,2025-04-14,35,영화,wgim@hanmail.net
김정숙,63,2025-04-18,78,다큐멘터리,gwagminseo@gmail.com
박재현,22,2025-04-11,27,예능,ogja51@nate.com
윤동현,44,2025-04-29,18,예능,donghyeonjeong@hotmail.com
임현지,47,2025-04-06,12,영화,eunjigim@dreamwiz.com
김주원,39,2025-04-17,21,영화,caeweon86@gimgweongim.com
김은지,49,2025-04-10,11,영화,anjinu@live.com
손영숙,34,2025-04-03,97,애니메이션,xhan@songseo.com
지병철,54,2025-04-23,29,영화,sanghyeon54@naver.com
오민준,51,2025-04-17,150,예능,hyeonu59@live.com
구진호,29,2025-04-13,190,다큐멘터리,zi@ju.kr
이미정,51,2025-04-12,4,애니메이션,jongsu90@yuhanhoesa.com
김민수,52,2025-04-24,19,다큐멘터리,ri@hanmail.net
김서연,63,2025-04-11,28,예능,iyeongho@dreamwiz.com
강정수,53,2025-04-11,13,영화,sanghungo@dreamwiz.com
오현준,41,2025-04-12,121,예능,yeweon88@naver.com
고정희,44,2025-04-02,14,애니메이션,migyeong13@jusighoesa.com
최영수,53,2025-04-04,110,다큐멘터리,gimjunho@baghwangryu.com
이도현,40,2025-04-09,7,영화,seojun89@hotmail.com
김예진,31,2025-04-12,94,영화,bagjaeho@yu.com
노지후,64,2025-04-06,138,드라마,seunghyeon84@yu.com
김현정,30,2025-04-14,4,애니메이션,areumo@hongcoe.org
김현정,26,2025-04-12,50,애니메이션,yunseoi@gmail.com
강성민,53,2025-04-16,25,드라마,zgim@live.com
김도윤,33,2025-04-14,5,영화,nbag@nate.com
이정희,55,2025-04-10,29,영화,xgim@daum.net
박상훈,31,2025-04-03,21,애니메이션,sangceoli@munica.com
심정희,55,2025-04-29,9,영화,myeongjabag@yangbaggim.kr
주서영,24,2025-04-11,7,영화,gimmyeongsug@dreamwiz.com
김민석,41,2025-04-06,17,예능,yejin65@yuhanhoesa.com
박정훈,53,2025-04-03,21,드라마,gimsangceol@nate.com
이현정,62,2025-04-09,0,애니메이션,seonyeongi@ju.kr
조영일,22,2025-04-12,55,다큐멘터리,seonghyeon94@nate.com
박예지,45,2025-04-08,151,애니메이션,xsong@nate.com
구은경,50,2025-04-12,228,드라마,pi@ju.com
오지영,57,2025-04-10,1,영화,jeongsuggim@daum.net
박승현,54,2025-04-05,6,다큐멘터리,jungsuhwang@dreamwiz.com
서명자,23,2025-04-01,7,드라마,borameom@bagigim.kr
이종수,30,2025-04-23,4,예능,pgim@naver.com
김현지,54,2025-04-15,17,애니메이션,yeweon75@dreamwiz.com
심주원,27,2025-04-23,4,영화,sanghun86@live.com
곽지원,48,2025-04-21,2,다큐멘터리,iyeeun@nate.com
윤지아,29,2025-04-09,87,드라마,jeongsuni@gimgang.kr
김지후,21,2025-04-08,3,영화,minseogi@gimhwanggim.kr
김은지,26,2025-04-24,248,다큐멘터리,wyun@naver.com
윤지후,50,2025-04-30,176,영화,mijeongo@jusighoesa.com
이예진,33,2025-04-10,16,애니메이션,gimseoyeon@daum.net
이예원,25,2025-04-03,11,드라마,jeonghyibag@hanmail.net
이지민,28,2025-04-27,1,애니메이션,gyeongsui@naver.com
권보람,47,2025-04-06,105,애니메이션,fbag@live.com
김민서,28,2025-04-04,194,예능,geonui@dreamwiz.com
곽수진,50,2025-04-05,5,드라마,areum30@yuhanhoesa.net
한은주,55,2025-04-12,21,영화,subin32@dreamwiz.com
신예준,29,2025-04-01,29,애니메이션,zgweon@hanmail.net
장은서,20,2025-04-01,32,영화,xbag@ju.kr
김지혜,60,2025-04-01,10,영화,jangyeeun@dreamwiz.com
박준서,37,2025-04-06,4,다큐멘터리,misugbag@gmail.com
장숙자,35,2025-04-04,21,영화,agim@ju.com
정명숙,61,2025-04-03,236,다큐멘터리,agim@jusighoesa.net
이혜진,40,2025-04-30,17,예능,ymun@live.com
차준호,25,2025-04-15,63,애니메이션,sanghun86@jusighoesa.org
이정남,26,2025-04-18,146,드라마,pryu@dreamwiz.com
이진우,35,2025-04-14,225,예능,songjihu@jusighoesa.kr
문서현,50,2025-04-02,7,애니메이션,ibag@ju.com
허영환,56,2025-04-09,5,애니메이션,jaehogim@hanmail.net
이영호,38,2025-04-19,15,다큐멘터리,dcoe@nojang.org
한영순,23,2025-04-05,9,드라마,igim@dreamwiz.com
김준호,49,2025-04-04,55,다큐멘터리,jheo@jucoegim.com
이도현,24,2025-04-11,15,드라마,sangceol30@naver.com
조광수,30,2025-04-17,30,애니메이션,eunjucoe@yuhanhoesa.com
백상철,54,2025-04-24,159,영화,sinyujin@jusighoesa.com
황영미,42,2025-04-20,0,드라마,yeongho87@dreamwiz.com
나영수,19,2025-04-08,5,영화,juweoni@hanmail.net
김유진,52,2025-04-24,0,예능,seongjin53@live.com
김유진,26,2025-04-06,186,다큐멘터리,yunseo77@dreamwiz.com
안민준,23,2025-04-09,25,예능,jihyeonjeong@gmail.com
홍명자,39,2025-04-03,3,다큐멘터리,ijeongja@ju.com
박도윤,42,2025-04-30,64,드라마,igim@live.com
박서준,25,2025-04-03,5,드라마,bagyeonghyi@live.com
백미숙,21,2025-04-07,9,드라마,yeongjingang@songi.kr
성영길,26,2025-04-05,219,다큐멘터리,jaehoryu@ju.com
한미경,40,2025-04-20,170,애니메이션,seoyeon18@gmail.com
배정수,39,2025-04-13,7,예능,donghyeon14@gmail.com
고건우,48,2025-04-25,6,다큐멘터리,yujino@namicoe.kr
이하윤,24,2025-04-05,27,영화,igweon@daum.net
우명숙,48,2025-04-11,202,다큐멘터리,jeongjai@live.com
이은주,42,2025-04-14,2,영화,jgim@live.com
장재호,33,2025-04-14,39,다큐멘터리,eunjeong11@gimo.net
이성호,57,2025-04-03,20,다큐멘터리,nojinho@gimgim.kr
최승민,34,2025-04-13,38,예능,isangceol@mungim.kr
김지후,29,2025-04-07,28,애니메이션,yeongsungim@ibag.com
이성민,28,2025-04-01,0,예능,yeongceol37@yuhanhoesa.com
이준혁,53,2025-04-10,17,애니메이션,jinho69@hotmail.com
조정수,44,2025-04-12,8,다큐멘터리,seonghun65@naver.com
강현주,62,2025-04-07,4,드라마,junseo65@jusighoesa.kr
서진우,60,2025-04-14,124,영화,san@yuhanhoesa.com
오지우,63,2025-04-13,70,다큐멘터리,ejin@bagyumun.kr
안아름,22,2025-04-29,166,예능,hwangareum@gimgang.kr
장영숙,34,2025-04-08,6,영화,ggim@naver.com
신영호,50,2025-04-22,10,예능,di@yu.kr
이진호,59,2025-04-22,8,예능,jeonghuni@yuhanhoesa.com
한성수,59,2025-04-21,14,애니메이션,songsangho@nate.com
장민지,26,2025-04-04,19,영화,minjii@seonggimi.com
윤승민,60,2025-04-26,82,드라마,ycoe@jusighoesa.com
안옥자,22,2025-04-01,4,드라마,seunghyeon14@dreamwiz.com
윤은서,46,2025-04-05,13,드라마,ijeonghyi@hotmail.com
한수진,44,2025-04-11,137,예능,jeongnamgim@jusighoesa.kr
이병철,40,2025-04-21,22,드라마,myeongsuggim@honggang.org
김민수,24,2025-04-11,151,애니메이션,fi@live.com
박민지,36,2025-04-05,15,애니메이션,jaehyeoni@gimbag.net
박옥순,61,2025-04-25,122,예능,eungyeong58@yuhanhoesa.org
김채원,26,2025-04-13,55,드라마,fi@mungimsong.com
최순자,48,2025-04-06,7,드라마,subinan@hanmail.net
최옥자,41,2025-04-23,69,다큐멘터리,hyeonju44@gwagbag.net
김지아,47,2025-04-13,232,드라마,jinjia@hotmail.com
김민서,46,2025-04-01,6,예능,yunseojang@dreamwiz.com
강재현,22,2025-04-03,152,예능,ygim@daum.net
권정수,38,2025-04-10,27,영화,uha@gmail.com
홍미숙,21,2025-04-23,30,영화,jeonghyi86@hanmail.net
류예진,44,2025-04-07,25,다큐멘터리,jeongung92@dreamwiz.com
손지연,41,2025-04-14,221,영화,gangjeongja@ju.kr
한민수,29,2025-04-18,14,드라마,jiyeonyang@daum.net
김영미,57,2025-04-07,166,애니메이션,ijaeho@yuhanhoesa.net
김도현,47,2025-04-12,119,다큐멘터리,sgim@ryumin.kr
박서윤,51,2025-04-06,30,드라마,gimjuweon@gimhwang.org
윤정순,63,2025-04-09,15,예능,gangseonghyeon@ogang.com
강영희,22,2025-04-15,1,영화,baeseongmin@yuhanhoesa.com
김영철,28,2025-04-13,116,예능,hongareum@naver.com
조병철,52,2025-04-12,26,다큐멘터리,sunja37@live.com
박예준,28,2025-04-05,128,다큐멘터리,cunja26@ijanggweon.org
최건우,40,2025-04-23,29,다큐멘터리,yuhayun@baggangbag.kr
이재현,65,2025-04-22,4,영화,byeongceol18@jusighoesa.kr
권은지,65,2025-04-26,97,드라마,yeonghyi30@ju.com
조성수,59,2025-04-05,29,드라마,gimseongmin@jusighoesa.org
김미정,63,2025-04-04,1,영화,hwangdoyun@live.com
김정식,44,2025-04-01,161,예능,xbag@yuhanhoesa.org
최정웅,53,2025-04-12,26,예능,gimjia@ju.kr
김현주,58,2025-04-10,181,애니메이션,pgim@heoiryu.kr
박지후,62,2025-04-11,212,영화,eunjuna@gimbagi.org
김영길,24,2025-04-15,188,다큐멘터리,jaehyeonan@hanmail.net
최영식,65,2025-04-09,7,영화,seongjinnam@jusighoesa.com
김은지,65,2025-04-06,26,예능,gimhyeonju@live.com
김현준,55,2025-04-30,28,영화,gimyeongil@live.com
이현지,56,2025-04-23,26,드라마,bagsunog@gimcoei.com
이성수,41,2025-04-12,39,애니메이션,jeongsu43@daum.net
김지영,43,2025-04-12,70,다큐멘터리,sanghyeonbag@ibag.org
이상훈,47,2025-04-12,22,다큐멘터리,gimyeongja@jusighoesa.com
이명숙,48,2025-04-13,141,드라마,jeongsug20@live.com
최유진,53,2025-04-26,195,다큐멘터리,ygim@ju.org
김서연,27,2025-04-11,25,드라마,yeongja19@naver.com
김혜진,53,2025-04-13,169,다큐멘터리,fsong@gimno.com
최준영,58,2025-04-14,12,드라마,rgim@live.com
김병철,51,2025-04-18,247,드라마,cyang@hanmail.net
박춘자,22,2025-04-01,154,영화,gimjunyeong@live.com
손영진,18,2025-04-04,20,다큐멘터리,whwang@jeongbagbaeg.kr
이경수,36,2025-04-14,104,애니메이션,baeeunseo@yuhanhoesa.com
윤상훈,41,2025-04-04,208,영화,seoyeongna@ihonghong.com
이정호,56,2025-04-11,98,영화,hanjeonghun@hotmail.com
김혜진,26,2025-04-10,4,영화,seonghun01@gmail.com
김영진,23,2025-04-09,24,드라마,jihye32@oheo.org
김민서,23,2025-04-10,15,예능,hongjia@yu.com
김민재,23,2025-04-04,147,예능,lyun@nate.com
최민준,64,2025-04-29,77,드라마,seojun09@live.com
황윤서,25,2025-04-01,15,애니메이션,jihye93@yuhanhoesa.com
손도현,46,2025-04-12,169,다큐멘터리,ngim@hanmail.net
이지우,23,2025-04-22,7,애니메이션,iyejin@yuhanhoesa.kr
이준영,57,2025-04-11,97,다큐멘터리,hyeonuan@yu.com
이정웅,63,2025-04-03,67,애니메이션,seohyeon97@yuhanhoesa.com
이현우,23,2025-04-28,17,영화,areum43@daum.net
최준혁,61,2025-04-08,138,영화,ijihun@ryugang.kr
김민준,34,2025-04-01,1,다큐멘터리,bagsangho@live.com
손상훈,46,2025-04-07,81,영화,juweoni@hotmail.com
이영수,53,2025-04-01,11,예능,seoyeon21@yu.com
홍지은,25,2025-04-20,113,예능,pcoe@dreamwiz.com
이준혁,31,2025-04-28,25,예능,sanghungweon@jusighoesa.org
김도현,34,2025-04-15,8,드라마,hyejingang@naver.com
서준서,25,2025-04-15,218,예능,jcoe@gobag.org
한영환,43,2025-04-08,8,드라마,iseongsu@daum.net
최미숙,49,2025-04-08,29,애니메이션,jiyeong46@dreamwiz.com
박보람,49,2025-04-09,24,드라마,subinjang@live.com
손성진,24,2025-04-23,147,다큐멘터리,sinjihye@gimryu.com
홍준호,62,2025-04-21,13,영화,seongminu@hwangiseo.kr
김서영,45,2025-04-07,153,영화,xgweon@gmail.com
김숙자,23,2025-04-05,12,예능,eunseobag@gmail.com
양상철,42,2025-04-20,13,드라마,dohyeongim@hani.org
이지훈,28,2025-04-17,16,영화,junseocoe@yuhanhoesa.com
홍상훈,22,2025-04-20,28,예능,doyun02@jusighoesa.net
윤영일,57,2025-04-01,30,드라마,pbaeg@ju.kr
이현주,28,2025-04-20,11,영화,wbae@dreamwiz.com
박정남,48,2025-04-03,82,예능,gimhyejin@nate.com
최수빈,20,2025-04-29,100,예능,rgim@goi.net
윤서연,33,2025-04-18,28,영화,songeunju@jangjango.net
이지후,64,2025-04-09,39,드라마,lseo@hanmail.net
오정수,54,2025-04-18,115,애니메이션,migyeong28@hotmail.com
박정호,32,2025-04-06,143,영화,areum35@yu.com
최영길,56,2025-04-15,1,애니메이션,ogim@yuhanhoesa.kr
이채원,31,2025-04-10,4,영화,hyejini@gimmungim.com
강민준,29,2025-04-05,30,영화,bagyeonggil@jusighoesa.org
김영희,65,2025-04-19,9,영화,ei@live.com
박정웅,34,2025-04-20,17,예능,yujin83@ju.com
김영일,28,2025-04-04,27,드라마,minsugim@naver.com
박영진,56,2025-04-17,12,애니메이션,jeonghobae@nate.com
김하윤,63,2025-04-10,27,영화,gimyeji@hotmail.com
김영일,57,2025-04-09,22,예능,yeeun06@hwanggang.kr
장은지,61,2025-04-10,15,애니메이션,hanjihu@gimgimhan.com
강수진,50,2025-04-30,15,다큐멘터리,sujin26@ju.kr
이영진,19,2025-04-20,11,예능,yeweon42@yuhanhoesa.com
장지후,63,2025-04-05,161,예능,hayunhwang@daum.net
김선영,33,2025-04-10,11,예능,smin@baggim.com
고아름,23,2025-04-08,24,애니메이션,gseo@gmail.com
김재호,59,2025-04-15,86,드라마,jiweon94@daum.net
이민석,31,2025-04-17,15,예능,yi@dreamwiz.com
윤지우,23,2025-04-09,22,다큐멘터리,yeonghyigim@ju.kr
최시우,65,2025-04-10,20,애니메이션,sumin27@dreamwiz.com
이광수,28,2025-04-13,82,애니메이션,gyeongsu89@hanmail.net
장순옥,30,2025-04-06,9,드라마,pjang@ijangi.org
손은영,35,2025-04-30,215,영화,migyeongbag@mungimbag.com
이영일,46,2025-04-09,29,애니메이션,fryu@dreamwiz.com
최도현,29,2025-04-26,28,애니메이션,fi@gmail.com
이영호,52,2025-04-22,19,영화,anhyeonsug@soncoe.net
하아름,28,2025-04-22,1,다큐멘터리,jeonghyii@oibag.com
김순자,32,2025-04-21,109,드라마,yeonghyi02@dreamwiz.com
오정웅,23,2025-04-12,144,예능,sumin31@gimryugim.com
이지훈,62,2025-04-04,14,드라마,lbag@yuhanhoesa.net
심준영,33,2025-04-10,82,영화,yeongjagim@hotmail.com
윤예준,18,2025-04-14,20,예능,mi@hanmail.net
차현우,29,2025-04-23,9,다큐멘터리,seongminjo@naver.com
최숙자,18,2025-04-14,150,드라마,yeonggilo@heogim.net
성예진,30,2025-04-12,16,다큐멘터리,gweonseoyeon@live.com
손옥자,65,2025-04-14,204,애니메이션,bagdoyun@hotmail.com
김상훈,25,2025-04-10,10,영화,yeongsun20@gimjeong.com
김채원,48,2025-04-05,13,다큐멘터리,ygim@hangim.kr
성현우,50,2025-04-02,245,예능,gimyeongceol@dreamwiz.com
백정자,42,2025-04-15,22,애니메이션,eungyeongca@naver.com
나도현,54,2025-04-07,20,드라마,ijihun@gimcoe.com
박진우,46,2025-04-18,1,애니메이션,caeweoncoe@bagcoe.com
오영진,36,2025-04-30,9,애니메이션,anseonghyeon@gimgimgim.com
이진호,64,2025-04-15,199,예능,gimjeongho@hanmail.net
강은정,64,2025-04-01,124,영화,junyeong16@bagi.kr
이지원,32,2025-04-03,33,드라마,pgim@hanmail.net
김동현,50,2025-04-17,141,드라마,gimsugja@yuhanhoesa.com
한현지,40,2025-04-02,210,다큐멘터리,sinseongjin@dreamwiz.com
김명자,60,2025-04-29,91,영화,boram93@ibag.kr
김정남,35,2025-04-11,48,영화,gweonseoyun@yu.com
이현숙,42,2025-04-08,36,다큐멘터리,bryu@dreamwiz.com
김정호,63,2025-04-25,138,드라마,jaehoson@nate.com
김채원,22,2025-04-06,1,다큐멘터리,gimseoyeong@baghai.net
서서영,53,2025-04-15,245,드라마,seungmingang@gimgim.org
김지아,57,2025-04-05,27,예능,iminjae@daum.net
최진호,58,2025-04-02,29,예능,yeongsuggim@naver.com
배숙자,24,2025-04-05,30,영화,subin49@hotmail.com
이숙자,28,2025-04-02,30,예능,geonugim@hanmail.net
윤수민,48,2025-04-12,171,예능,yeongsuni@dreamwiz.com
이성수,24,2025-04-20,66,다큐멘터리,sunjagim@gogim.kr
서재현,34,2025-04-15,238,드라마,hongsugja@hwanggimgim.com
엄예은,33,2025-04-01,123,애니메이션,junhyeog94@yuhanhoesa.com
박정남,37,2025-04-24,13,예능,jinhogim@yuhanhoesa.com
박도윤,24,2025-04-06,54,다큐멘터리,donghyeongim@nate.com
허중수,63,2025-04-21,18,드라마,sanghyeon84@coecoe.kr
이은지,40,2025-04-14,195,영화,junseo38@imunbag.kr
김춘자,36,2025-04-30,189,예능,yeongsigbag@naver.com
김성호,53,2025-04-22,9,드라마,jihui@yuhanhoesa.net
김경희,51,2025-04-21,9,드라마,sugjagim@ju.com
이현지,55,2025-04-08,90,다큐멘터리,hayun37@mungimryu.kr
최정훈,28,2025-04-28,27,다큐멘터리,yejii@dreamwiz.com
김영미,51,2025-04-15,77,예능,gimmiyeong@ryujogim.kr
양옥자,50,2025-04-09,0,영화,bagseojun@yuhanhoesa.kr
심영수,41,2025-04-02,130,영화,seohyeon91@live.com
박상호,27,2025-04-24,228,영화,seonyeong86@gimo.org
박영진,21,2025-04-17,23,드라마,yeongjai@nate.com
이영환,39,2025-04-04,174,다큐멘터리,ncoe@naver.com
이서영,59,2025-04-02,4,영화,juweoncoe@naver.com
최지영,58,2025-04-10,24,다큐멘터리,jiminyun@hanmail.net
한민준,34,2025-04-30,9,애니메이션,zan@jusighoesa.org
유시우,38,2025-04-03,0,다큐멘터리,yeongsu19@yuhanhoesa.com
최현정,56,2025-04-18,16,다큐멘터리,mbag@giman.kr
김보람,44,2025-04-07,3,다큐멘터리,yeongil02@yu.kr
김정식,20,2025-04-05,195,다큐멘터리,yeji89@isong.com
김현숙,24,2025-04-11,21,드라마,seonghun81@yu.com
송은경,34,2025-04-03,1,드라마,xcoe@hanmail.net
성예원,61,2025-04-22,194,예능,bagyeongho@live.com
지정숙,27,2025-04-06,6,다큐멘터리,jungsu58@yu.org
최민준,65,2025-04-14,16,예능,yeongsu94@hotmail.com
장하은,65,2025-04-10,29,애니메이션,yeongilgim@naver.com
김상호,37,2025-04-04,17,다큐멘터리,eunseogim@daum.net
장은영,50,2025-04-13,20,영화,ui@baeyangcoe.com
나지훈,23,2025-04-10,6,애니메이션,kgim@hotmail.com
안영수,25,2025-04-08,137,다큐멘터리,junhyeog27@yuhanhoesa.kr
이은영,59,2025-04-22,16,드라마,minjigim@dreamwiz.com
이보람,37,2025-04-14,42,드라마,jihugweon@nate.com
이보람,38,2025-04-14,62,애니메이션,eunjio@yuhanhoesa.com
성민재,40,2025-04-14,23,예능,jihungim@ani.kr
김미숙,42,2025-04-20,162,영화,gimyeongceol@yuhanhoesa.kr
김경자,64,2025-04-14,19,다큐멘터리,jia93@yu.net
황예원,51,2025-04-21,67,다큐멘터리,dgang@jusighoesa.com
강승민,36,2025-04-23,26,예능,gimyeongsig@yuno.kr
이영희,28,2025-04-05,1,영화,li@gmail.com
김상훈,57,2025-04-26,23,예능,seonghogim@yuhanhoesa.org
김은정,28,2025-04-21,7,예능,pi@baggim.kr
김정숙,40,2025-04-11,5,애니메이션,ibag@naver.com
김현정,33,2025-04-26,72,애니메이션,ogang@bagyuni.com
김동현,18,2025-04-28,231,다큐멘터리,jungsu24@gmail.com
송준혁,55,2025-04-02,10,드라마,gyeongsug07@dreamwiz.com
권주원,24,2025-04-08,6,다큐멘터리,coeseungmin@igimseo.kr
김미경,62,2025-04-15,206,예능,ujin84@gimgimgim.com
강수민,41,2025-04-14,24,다큐멘터리,jeongsugim@gmail.com
김서준,50,2025-04-15,181,다큐멘터리,gimseongjin@dreamwiz.com
이주원,42,2025-04-15,22,드라마,gyeongsug05@daum.net
곽명숙,19,2025-04-22,137,예능,jeongseonghun@naver.com
류미영,19,2025-04-23,26,애니메이션,chwang@ju.net
박현지,46,2025-04-12,154,애니메이션,tjang@nate.com
서정호,54,2025-04-29,26,애니메이션,gyeonghyi43@sonmun.com
김영희,50,2025-04-09,23,예능,eunjeongcoe@angimgim.org
한민지,28,2025-04-15,1,예능,seonghyeongim@nameom.net
이민재,47,2025-04-13,30,예능,myeongsugi@songbag.com
이정웅,22,2025-04-01,128,다큐멘터리,bagjinu@naver.com
박윤서,41,2025-04-21,27,다큐멘터리,yejin49@hotmail.com
김성민,24,2025-04-12,156,애니메이션,hyeonu86@hotmail.com
강아름,52,2025-04-02,144,애니메이션,yeji86@yuhanhoesa.com
이은주,44,2025-04-12,11,다큐멘터리,bagminjae@jusighoesa.com
김경수,48,2025-04-09,85,드라마,sbag@naver.com
김정웅,41,2025-04-07,229,애니메이션,areumnam@yuhanhoesa.kr
안명숙,60,2025-04-14,23,예능,seojeongsun@daum.net
성미숙,44,2025-04-10,217,드라마,hgim@jusighoesa.kr
김재현,58,2025-04-10,4,드라마,bhan@daum.net
김승민,28,2025-04-01,2,애니메이션,mijeongjo@nate.com
최혜진,37,2025-04-07,10,예능,bgweon@nate.com
최서영,34,2025-04-26,14,드라마,hyeonsug76@gmail.com
나은서,65,2025-04-07,7,드라마,geonu33@gimryu.net
허옥순,25,2025-04-04,200,다큐멘터리,gimjongsu@yu.kr
김성민,21,2025-04-08,7,영화,yejino@dreamwiz.com
류정수,24,2025-04-04,12,애니메이션,dohyeon96@ju.kr
문준호,49,2025-04-15,21,다큐멘터리,gangsugja@yu.com
김명숙,54,2025-04-01,181,다큐멘터리,kgweon@daum.net
이승민,45,2025-04-05,174,애니메이션,minjun90@iii.net
김영호,46,2025-04-26,7,드라마,myun@hanmail.net
이시우,56,2025-04-11,97,예능,jangjihun@gimi.net
이현준,35,2025-04-09,16,영화,jinhoyu@hanmail.net
이정훈,37,2025-04-18,119,다큐멘터리,seoyeongjin@yu.net
이예은,43,2025-04-12,19,드라마,ogsungim@naver.com
강혜진,47,2025-04-11,42,드라마,qcoe@yu.kr
박진우,44,2025-04-09,7,영화,qjang@mungim.org
이현지,44,2025-04-13,138,드라마,gyeonghyi98@jusighoesa.net
김영진,30,2025-04-03,18,예능,ki@gmail.com
이재현,23,2025-04-27,178,다큐멘터리,eunji46@yu.com
이진호,45,2025-04-14,17,다큐멘터리,jgim@jubaegi.kr
윤영환,56,2025-04-13,160,다큐멘터리,jeongnamhan@yuhanhoesa.org
남지훈,21,2025-04-05,32,예능,coehayun@daum.net
홍민재,36,2025-04-09,231,영화,jiyeong66@bagsim.net
이지영,31,2025-04-18,6,다큐멘터리,seungmingweon@jogang.kr
임성호,40,2025-04-12,145,영화,myeongjajo@nate.com
이영수,37,2025-04-30,11,애니메이션,yeongsigi@yu.com
김현숙,60,2025-04-18,15,드라마,dim@hanmail.net
